step,phase,fr,max_fr,avg_threshold,avg_weight_pattern,avg_weight_noise
0,BASELINE,0.0714,0.0714,0.2000,0.5803,0.4681
100,BASELINE,0.0000,0.0714,0.1345,0.7697,0.6941
200,BASELINE,0.0000,0.0714,0.0892,0.7614,0.8273
300,BASELINE,0.0000,0.0714,0.0310,0.9985,1.3125
400,BASELINE,0.0357,0.0714,0.0122,1.2522,1.6671
500,BASELINE,0.0000,0.0714,0.0127,1.1771,1.6173
600,BASELINE,0.0000,0.0714,0.0130,1.1185,1.5757
700,BASELINE,0.0357,0.0714,0.0133,1.0964,1.5684
800,BASELINE,0.0000,0.0714,0.0127,0.8804,1.3421
900,BASELINE,0.0000,0.0714,0.0101,0.7712,1.1186
1000,BASELINE,0.0000,0.0714,0.0103,0.7769,1.1639
1100,BASELINE,0.0000,0.0714,0.0096,0.9670,1.4106
1200,BASELINE,0.0000,0.0714,0.0080,0.8212,1.2051
1300,BASELINE,0.0357,0.0714,0.0063,0.6776,0.9839
1400,BASELINE,0.0000,0.0714,0.0069,0.5862,0.8596
1500,BASELINE,0.0000,0.0714,0.0057,0.4769,0.7135
1600,BASELINE,0.0000,0.0714,0.0059,0.4097,0.6263
1700,BASELINE,0.0357,0.0714,0.0049,0.3688,0.5638
1800,BASELINE,0.0000,0.0714,0.0048,0.3368,0.5149
1900,BASELINE,0.0000,0.0714,0.0049,0.3101,0.4742
2000,BASELINE,0.0000,0.0714,0.0049,0.2875,0.4395
2100,BASELINE,0.0000,0.0714,0.0050,0.2681,0.4099
2200,BASELINE,0.0000,0.0714,0.0051,0.2514,0.3844
2300,BASELINE,0.0000,0.0714,0.0051,0.2367,0.3618
2400,BASELINE,0.0000,0.0714,0.0051,0.2240,0.3424
2500,BASELINE,0.0000,0.0714,0.0052,0.2173,0.3322
2600,BASELINE,0.0000,0.0714,0.0052,0.2077,0.3176
2700,BASELINE,0.0000,0.0714,0.0052,0.1995,0.3050
2800,BASELINE,0.0000,0.0714,0.0052,0.1925,0.2942
2900,BASELINE,0.0000,0.0714,0.0052,0.1864,0.2850
3000,BASELINE,0.0000,0.0714,0.0052,0.1812,0.2771
3100,BASELINE,0.0000,0.0714,0.0052,0.1768,0.2703
3200,BASELINE,0.0000,0.0714,0.0052,0.1725,0.2638
3300,BASELINE,0.0000,0.0714,0.0052,0.1689,0.2582
3400,BASELINE,0.0000,0.0714,0.0052,0.1690,0.2584
3500,BASELINE,0.0000,0.0714,0.0052,0.1663,0.2543
3600,BASELINE,0.0000,0.0714,0.0052,0.1640,0.2507
3700,BASELINE,0.0000,0.0714,0.0052,0.1620,0.2476
3800,BASELINE,0.0000,0.0714,0.0052,0.1603,0.2450
3900,BASELINE,0.0000,0.0714,0.0052,0.1588,0.2427
4000,BASELINE,0.0000,0.0714,0.0052,0.1575,0.2408
4100,BASELINE,0.0000,0.0714,0.0052,0.1560,0.2385
4200,BASELINE,0.0000,0.0714,0.0052,0.1547,0.2366
4300,BASELINE,0.0000,0.0714,0.0052,0.1566,0.2395
4400,BASELINE,0.0000,0.0714,0.0052,0.1557,0.2380
4500,BASELINE,0.0000,0.0714,0.0052,0.1548,0.2367
4600,BASELINE,0.0000,0.0714,0.0052,0.1541,0.2357
4700,BASELINE,0.0000,0.0714,0.0052,0.1535,0.2347
4800,BASELINE,0.0000,0.0714,0.0052,0.1530,0.2339
4900,BASELINE,0.0000,0.0714,0.0052,0.1526,0.2332
5000,BASELINE,0.0000,0.0714,0.0052,0.1518,0.2320
5100,BASELINE,0.0000,0.0714,0.0052,0.1511,0.2310
5200,BASELINE,0.0000,0.0714,0.0052,0.1535,0.2346
5300,BASELINE,0.0000,0.0714,0.0052,0.1529,0.2338
5400,BASELINE,0.0000,0.0714,0.0052,0.1525,0.2332
5500,BASELINE,0.0000,0.0714,0.0052,0.1521,0.2326
5600,BASELINE,0.0000,0.0714,0.0052,0.1518,0.2321
5700,BASELINE,0.0000,0.0714,0.0052,0.1515,0.2317
5800,BASELINE,0.0000,0.0714,0.0052,0.1513,0.2313
5900,BASELINE,0.0000,0.0714,0.0052,0.1507,0.2304
6000,BASELINE,0.0000,0.0714,0.0052,0.1502,0.2296
6100,BASELINE,0.0000,0.0714,0.0052,0.1526,0.2334
6200,BASELINE,0.0000,0.0714,0.0052,0.1522,0.2328
6300,BASELINE,0.0000,0.0714,0.0052,0.1519,0.2322
6400,BASELINE,0.0000,0.0714,0.0052,0.1516,0.2318
6500,BASELINE,0.0000,0.0714,0.0052,0.1514,0.2314
6600,BASELINE,0.0000,0.0714,0.0052,0.1512,0.2311
6700,BASELINE,0.0000,0.0714,0.0052,0.1510,0.2308
6800,BASELINE,0.0000,0.0714,0.0052,0.1504,0.2299
6900,BASELINE,0.0000,0.0714,0.0052,0.1499,0.2292
7000,BASELINE,0.0000,0.0714,0.0052,0.1524,0.2330
7100,BASELINE,0.0000,0.0714,0.0052,0.1521,0.2325
7200,BASELINE,0.0000,0.0714,0.0052,0.1518,0.2320
7300,BASELINE,0.0000,0.0714,0.0052,0.1515,0.2316
7400,BASELINE,0.0000,0.0714,0.0052,0.1513,0.2312
7500,BASELINE,0.0000,0.0714,0.0052,0.1511,0.2309
7600,BASELINE,0.0000,0.0714,0.0052,0.1509,0.2307
7700,BASELINE,0.0000,0.0714,0.0052,0.1503,0.2298
7800,BASELINE,0.0000,0.0714,0.0052,0.1499,0.2291
7900,BASELINE,0.0000,0.0714,0.0052,0.1524,0.2330
8000,BASELINE,0.0000,0.0714,0.0052,0.1520,0.2324
8100,BASELINE,0.0000,0.0714,0.0052,0.1517,0.2319
8200,BASELINE,0.0000,0.0714,0.0052,0.1514,0.2315
8300,BASELINE,0.0000,0.0714,0.0052,0.1512,0.2312
8400,BASELINE,0.0000,0.0714,0.0052,0.1510,0.2309
8500,BASELINE,0.0000,0.0714,0.0052,0.1509,0.2306
8600,BASELINE,0.0000,0.0714,0.0052,0.1503,0.2298
8700,BASELINE,0.0000,0.0714,0.0052,0.1498,0.2291
8800,BASELINE,0.0000,0.0714,0.0052,0.1524,0.2329
8900,BASELINE,0.0000,0.0714,0.0052,0.1520,0.2324
9000,BASELINE,0.0000,0.0714,0.0052,0.1517,0.2319
9100,BASELINE,0.0000,0.0714,0.0052,0.1514,0.2315
9200,BASELINE,0.0000,0.0714,0.0052,0.1512,0.2312
9300,BASELINE,0.0000,0.0714,0.0052,0.1510,0.2309
9400,BASELINE,0.0000,0.0714,0.0052,0.1509,0.2306
9500,BASELINE,0.0000,0.0714,0.0052,0.1503,0.2298
9600,BASELINE,0.0000,0.0714,0.0052,0.1498,0.2291
9700,BASELINE,0.0000,0.0714,0.0052,0.1524,0.2329
9800,BASELINE,0.0000,0.0714,0.0052,0.1520,0.2324
9900,BASELINE,0.0000,0.0714,0.0052,0.1517,0.2319
10000,BASELINE,0.0000,0.0714,0.0052,0.1514,0.2315
10100,BASELINE,0.0000,0.0714,0.0052,0.1512,0.2312
10200,BASELINE,0.0000,0.0714,0.0052,0.1510,0.2309
10300,BASELINE,0.0000,0.0714,0.0052,0.1509,0.2306
10400,BASELINE,0.0000,0.0714,0.0052,0.1503,0.2298
10500,BASELINE,0.0000,0.0714,0.0052,0.1498,0.2291
10600,BASELINE,0.0000,0.0714,0.0052,0.1524,0.2329
10700,BASELINE,0.0000,0.0714,0.0052,0.1520,0.2324
10800,BASELINE,0.0000,0.0714,0.0052,0.1517,0.2319
10900,BASELINE,0.0000,0.0714,0.0052,0.1514,0.2315
11000,BASELINE,0.0000,0.0714,0.0052,0.1512,0.2312
11100,BASELINE,0.0000,0.0714,0.0052,0.1510,0.2309
11200,BASELINE,0.0000,0.0714,0.0052,0.1509,0.2306
11300,BASELINE,0.0000,0.0714,0.0052,0.1503,0.2298
11400,BASELINE,0.0000,0.0714,0.0052,0.1498,0.2291
11500,BASELINE,0.0000,0.0714,0.0052,0.1524,0.2329
11600,BASELINE,0.0000,0.0714,0.0052,0.1520,0.2324
11700,BASELINE,0.0000,0.0714,0.0052,0.1517,0.2319
11800,BASELINE,0.0000,0.0714,0.0052,0.1514,0.2315
11900,BASELINE,0.0000,0.0714,0.0052,0.1512,0.2312
12000,BASELINE,0.0000,0.0714,0.0052,0.1510,0.2309
12100,BASELINE,0.0000,0.0714,0.0052,0.1509,0.2306
12200,BASELINE,0.0000,0.0714,0.0052,0.1503,0.2298
12300,BASELINE,0.0000,0.0714,0.0052,0.1498,0.2291
12400,BASELINE,0.0000,0.0714,0.0052,0.1524,0.2329
12500,BASELINE,0.0000,0.0714,0.0052,0.1520,0.2324
12600,BASELINE,0.0000,0.0714,0.0052,0.1517,0.2319
12700,BASELINE,0.0000,0.0714,0.0052,0.1514,0.2315
12800,BASELINE,0.0000,0.0714,0.0052,0.1512,0.2312
12900,BASELINE,0.0000,0.0714,0.0052,0.1510,0.2309
13000,BASELINE,0.0000,0.0714,0.0052,0.1509,0.2306
13100,BASELINE,0.0000,0.0714,0.0052,0.1503,0.2298
13200,BASELINE,0.0000,0.0714,0.0052,0.1498,0.2291
13300,BASELINE,0.0000,0.0714,0.0052,0.1524,0.2329
13400,BASELINE,0.0000,0.0714,0.0052,0.1520,0.2324
13500,BASELINE,0.0000,0.0714,0.0052,0.1517,0.2319
13600,BASELINE,0.0000,0.0714,0.0052,0.1514,0.2315
13700,BASELINE,0.0000,0.0714,0.0052,0.1512,0.2312
13800,BASELINE,0.0000,0.0714,0.0052,0.1510,0.2309
13900,BASELINE,0.0000,0.0714,0.0052,0.1509,0.2306
14000,BASELINE,0.0000,0.0714,0.0052,0.1503,0.2298
14100,BASELINE,0.0000,0.0714,0.0052,0.1498,0.2291
14200,BASELINE,0.0000,0.0714,0.0052,0.1524,0.2329
14300,BASELINE,0.0000,0.0714,0.0052,0.1520,0.2324
14400,BASELINE,0.0000,0.0714,0.0052,0.1517,0.2319
14500,BASELINE,0.0000,0.0714,0.0052,0.1514,0.2315
14600,BASELINE,0.0000,0.0714,0.0052,0.1512,0.2312
14700,BASELINE,0.0000,0.0714,0.0052,0.1510,0.2309
14800,BASELINE,0.0000,0.0714,0.0052,0.1509,0.2306
14900,BASELINE,0.0000,0.0714,0.0052,0.1503,0.2298
15000,BASELINE,0.0000,0.0714,0.0052,0.1498,0.2291
15100,BASELINE,0.0000,0.0714,0.0052,0.1524,0.2329
15200,BASELINE,0.0000,0.0714,0.0052,0.1520,0.2324
15300,BASELINE,0.0000,0.0714,0.0052,0.1517,0.2319
15400,BASELINE,0.0000,0.0714,0.0052,0.1514,0.2315
15500,BASELINE,0.0000,0.0714,0.0052,0.1512,0.2312
15600,BASELINE,0.0000,0.0714,0.0052,0.1510,0.2309
15700,BASELINE,0.0000,0.0714,0.0052,0.1509,0.2306
15800,BASELINE,0.0000,0.0714,0.0052,0.1503,0.2298
15900,BASELINE,0.0000,0.0714,0.0052,0.1498,0.2291
16000,BASELINE,0.0000,0.0714,0.0052,0.1524,0.2329
16100,BASELINE,0.0000,0.0714,0.0052,0.1520,0.2324
16200,BASELINE,0.0000,0.0714,0.0052,0.1517,0.2319
16300,BASELINE,0.0000,0.0714,0.0052,0.1514,0.2315
16400,BASELINE,0.0000,0.0714,0.0052,0.1512,0.2312
16500,BASELINE,0.0000,0.0714,0.0052,0.1510,0.2309
16600,BASELINE,0.0000,0.0714,0.0052,0.1509,0.2306
16700,BASELINE,0.0000,0.0714,0.0052,0.1503,0.2298
16800,BASELINE,0.0000,0.0714,0.0052,0.1498,0.2291
16900,BASELINE,0.0000,0.0714,0.0052,0.1524,0.2329
17000,BASELINE,0.0000,0.0714,0.0052,0.1520,0.2324
17100,BASELINE,0.0000,0.0714,0.0052,0.1517,0.2319
17200,BASELINE,0.0000,0.0714,0.0052,0.1514,0.2315
17300,BASELINE,0.0000,0.0714,0.0052,0.1512,0.2312
17400,BASELINE,0.0000,0.0714,0.0052,0.1510,0.2309
17500,BASELINE,0.0000,0.0714,0.0052,0.1509,0.2306
17600,BASELINE,0.0000,0.0714,0.0052,0.1503,0.2298
17700,BASELINE,0.0000,0.0714,0.0052,0.1498,0.2291
17800,BASELINE,0.0000,0.0714,0.0052,0.1524,0.2329
17900,BASELINE,0.0000,0.0714,0.0052,0.1520,0.2324
18000,BASELINE,0.0000,0.0714,0.0052,0.1517,0.2319
18100,BASELINE,0.0000,0.0714,0.0052,0.1514,0.2315
18200,BASELINE,0.0000,0.0714,0.0052,0.1512,0.2312
18300,BASELINE,0.0000,0.0714,0.0052,0.1510,0.2309
18400,BASELINE,0.0000,0.0714,0.0052,0.1509,0.2306
18500,BASELINE,0.0000,0.0714,0.0052,0.1503,0.2298
18600,BASELINE,0.0000,0.0714,0.0052,0.1498,0.2291
18700,BASELINE,0.0000,0.0714,0.0052,0.1524,0.2329
18800,BASELINE,0.0000,0.0714,0.0052,0.1520,0.2324
18900,BASELINE,0.0000,0.0714,0.0052,0.1517,0.2319
19000,BASELINE,0.0000,0.0714,0.0052,0.1514,0.2315
19100,BASELINE,0.0000,0.0714,0.0052,0.1512,0.2312
19200,BASELINE,0.0000,0.0714,0.0052,0.1510,0.2309
19300,BASELINE,0.0000,0.0714,0.0052,0.1509,0.2306
19400,BASELINE,0.0000,0.0714,0.0052,0.1503,0.2298
19500,BASELINE,0.0000,0.0714,0.0052,0.1498,0.2291
19600,BASELINE,0.0000,0.0714,0.0052,0.1524,0.2329
19700,BASELINE,0.0000,0.0714,0.0052,0.1520,0.2324
19800,BASELINE,0.0000,0.0714,0.0052,0.1517,0.2319
19900,BASELINE,0.0000,0.0714,0.0052,0.1514,0.2315
20000,TRAINING,0.0000,0.0714,0.0052,0.1512,0.2312
20100,TRAINING,0.0000,0.0714,0.0052,0.1510,0.2309
20200,TRAINING,0.0000,0.0714,0.0052,0.1509,0.2306
20300,TRAINING,0.0000,0.0714,0.0052,0.1503,0.2298
20400,TRAINING,0.0000,0.0714,0.0052,0.1498,0.2291
20500,TRAINING,0.0000,0.0714,0.0052,0.1524,0.2329
20600,TRAINING,0.0000,0.0714,0.0052,0.1520,0.2324
20700,TRAINING,0.0000,0.0714,0.0052,0.1517,0.2319
20800,TRAINING,0.0000,0.0714,0.0052,0.1514,0.2315
20900,TRAINING,0.0000,0.0714,0.0052,0.1512,0.2312
21000,TRAINING,0.0000,0.0714,0.0052,0.1510,0.2309
21100,TRAINING,0.0000,0.0714,0.0052,0.1509,0.2306
21200,TRAINING,0.0000,0.0714,0.0052,0.1503,0.2298
21300,TRAINING,0.0000,0.0714,0.0052,0.1498,0.2291
21400,TRAINING,0.0000,0.0714,0.0052,0.1524,0.2329
21500,TRAINING,0.0000,0.0714,0.0052,0.1520,0.2324
21600,TRAINING,0.0000,0.0714,0.0052,0.1517,0.2319
21700,TRAINING,0.0000,0.0714,0.0052,0.1514,0.2315
21800,TRAINING,0.0000,0.0714,0.0052,0.1512,0.2312
21900,TRAINING,0.0000,0.0714,0.0052,0.1510,0.2309
22000,TRAINING,0.0000,0.0714,0.0052,0.1509,0.2306
22100,TRAINING,0.0000,0.0714,0.0052,0.1503,0.2298
22200,TRAINING,0.0000,0.0714,0.0052,0.1498,0.2291
22300,TRAINING,0.0000,0.0714,0.0052,0.1524,0.2329
22400,TRAINING,0.0000,0.0714,0.0052,0.1520,0.2324
22500,TRAINING,0.0000,0.0714,0.0052,0.1517,0.2319
22600,TRAINING,0.0000,0.0714,0.0052,0.1514,0.2315
22700,TRAINING,0.0000,0.0714,0.0052,0.1512,0.2312
22800,TRAINING,0.0000,0.0714,0.0052,0.1510,0.2309
22900,TRAINING,0.0000,0.0714,0.0052,0.1509,0.2306
23000,TRAINING,0.0000,0.0714,0.0052,0.1503,0.2298
23100,TRAINING,0.0000,0.0714,0.0052,0.1498,0.2291
23200,TRAINING,0.0000,0.0714,0.0052,0.1524,0.2329
23300,TRAINING,0.0000,0.0714,0.0052,0.1520,0.2324
23400,TRAINING,0.0000,0.0714,0.0052,0.1517,0.2319
23500,TRAINING,0.0000,0.0714,0.0052,0.1514,0.2315
23600,TRAINING,0.0000,0.0714,0.0052,0.1512,0.2312
23700,TRAINING,0.0000,0.0714,0.0052,0.1510,0.2309
23800,TRAINING,0.0000,0.0714,0.0052,0.1509,0.2306
23900,TRAINING,0.0000,0.0714,0.0052,0.1503,0.2298
24000,TRAINING,0.0000,0.0714,0.0052,0.1498,0.2291
24100,TRAINING,0.0000,0.0714,0.0052,0.1524,0.2329
24200,TRAINING,0.0000,0.0714,0.0052,0.1520,0.2324
24300,TRAINING,0.0000,0.0714,0.0052,0.1517,0.2319
24400,TRAINING,0.0000,0.0714,0.0052,0.1514,0.2315
24500,TRAINING,0.0000,0.0714,0.0052,0.1512,0.2312
24600,TRAINING,0.0000,0.0714,0.0052,0.1510,0.2309
24700,TRAINING,0.0000,0.0714,0.0052,0.1509,0.2306
24800,TRAINING,0.0000,0.0714,0.0052,0.1503,0.2298
24900,TRAINING,0.0000,0.0714,0.0052,0.1498,0.2291
25000,TRAINING,0.0000,0.0714,0.0052,0.1524,0.2329
25100,TRAINING,0.0000,0.0714,0.0052,0.1520,0.2324
25200,TRAINING,0.0000,0.0714,0.0052,0.1517,0.2319
25300,TRAINING,0.0000,0.0714,0.0052,0.1514,0.2315
25400,TRAINING,0.0000,0.0714,0.0052,0.1512,0.2312
25500,TRAINING,0.0000,0.0714,0.0052,0.1510,0.2309
25600,TRAINING,0.0000,0.0714,0.0052,0.1509,0.2306
25700,TRAINING,0.0000,0.0714,0.0052,0.1503,0.2298
25800,TRAINING,0.0000,0.0714,0.0052,0.1498,0.2291
25900,TRAINING,0.0000,0.0714,0.0052,0.1524,0.2329
26000,TRAINING,0.0000,0.0714,0.0052,0.1520,0.2324
26100,TRAINING,0.0000,0.0714,0.0052,0.1517,0.2319
26200,TRAINING,0.0000,0.0714,0.0052,0.1514,0.2315
26300,TRAINING,0.0000,0.0714,0.0052,0.1512,0.2312
26400,TRAINING,0.0000,0.0714,0.0052,0.1510,0.2309
26500,TRAINING,0.0000,0.0714,0.0052,0.1509,0.2306
26600,TRAINING,0.0000,0.0714,0.0052,0.1503,0.2298
26700,TRAINING,0.0000,0.0714,0.0052,0.1498,0.2291
26800,TRAINING,0.0000,0.0714,0.0052,0.1524,0.2329
26900,TRAINING,0.0000,0.0714,0.0052,0.1520,0.2324
27000,TRAINING,0.0000,0.0714,0.0052,0.1517,0.2319
27100,TRAINING,0.0000,0.0714,0.0052,0.1514,0.2315
27200,TRAINING,0.0000,0.0714,0.0052,0.1512,0.2312
27300,TRAINING,0.0000,0.0714,0.0052,0.1510,0.2309
27400,TRAINING,0.0000,0.0714,0.0052,0.1509,0.2306
27500,TRAINING,0.0000,0.0714,0.0052,0.1503,0.2298
27600,TRAINING,0.0000,0.0714,0.0052,0.1498,0.2291
27700,TRAINING,0.0000,0.0714,0.0052,0.1524,0.2329
27800,TRAINING,0.0000,0.0714,0.0052,0.1520,0.2324
27900,TRAINING,0.0000,0.0714,0.0052,0.1517,0.2319
28000,TRAINING,0.0000,0.0714,0.0052,0.1514,0.2315
28100,TRAINING,0.0000,0.0714,0.0052,0.1512,0.2312
28200,TRAINING,0.0000,0.0714,0.0052,0.1510,0.2309
28300,TRAINING,0.0000,0.0714,0.0052,0.1509,0.2306
28400,TRAINING,0.0000,0.0714,0.0052,0.1503,0.2298
28500,TRAINING,0.0000,0.0714,0.0052,0.1498,0.2291
28600,TRAINING,0.0000,0.0714,0.0052,0.1524,0.2329
28700,TRAINING,0.0000,0.0714,0.0052,0.1520,0.2324
28800,TRAINING,0.0000,0.0714,0.0052,0.1517,0.2319
28900,TRAINING,0.0000,0.0714,0.0052,0.1514,0.2315
29000,TRAINING,0.0000,0.0714,0.0052,0.1512,0.2312
29100,TRAINING,0.0000,0.0714,0.0052,0.1510,0.2309
29200,TRAINING,0.0000,0.0714,0.0052,0.1509,0.2306
29300,TRAINING,0.0000,0.0714,0.0052,0.1503,0.2298
29400,TRAINING,0.0000,0.0714,0.0052,0.1498,0.2291
29500,TRAINING,0.0000,0.0714,0.0052,0.1524,0.2329
29600,TRAINING,0.0000,0.0714,0.0052,0.1520,0.2324
29700,TRAINING,0.0000,0.0714,0.0052,0.1517,0.2319
29800,TRAINING,0.0000,0.0714,0.0052,0.1514,0.2315
29900,TRAINING,0.0000,0.0714,0.0052,0.1512,0.2312
30000,TRAINING,0.0000,0.0714,0.0052,0.1510,0.2309
30100,TRAINING,0.0000,0.0714,0.0052,0.1509,0.2306
30200,TRAINING,0.0000,0.0714,0.0052,0.1503,0.2298
30300,TRAINING,0.0000,0.0714,0.0052,0.1498,0.2291
30400,TRAINING,0.0000,0.0714,0.0052,0.1524,0.2329
30500,TRAINING,0.0000,0.0714,0.0052,0.1520,0.2324
30600,TRAINING,0.0000,0.0714,0.0052,0.1517,0.2319
30700,TRAINING,0.0000,0.0714,0.0052,0.1514,0.2315
30800,TRAINING,0.0000,0.0714,0.0052,0.1512,0.2312
30900,TRAINING,0.0000,0.0714,0.0052,0.1510,0.2309
31000,TRAINING,0.0000,0.0714,0.0052,0.1509,0.2306
31100,TRAINING,0.0000,0.0714,0.0052,0.1503,0.2298
31200,TRAINING,0.0000,0.0714,0.0052,0.1498,0.2291
31300,TRAINING,0.0000,0.0714,0.0052,0.1524,0.2329
31400,TRAINING,0.0000,0.0714,0.0052,0.1520,0.2324
31500,TRAINING,0.0000,0.0714,0.0052,0.1517,0.2319
31600,TRAINING,0.0000,0.0714,0.0052,0.1514,0.2315
31700,TRAINING,0.0000,0.0714,0.0052,0.1512,0.2312
31800,TRAINING,0.0000,0.0714,0.0052,0.1510,0.2309
31900,TRAINING,0.0000,0.0714,0.0052,0.1509,0.2306
32000,TRAINING,0.0000,0.0714,0.0052,0.1503,0.2298
32100,TRAINING,0.0000,0.0714,0.0052,0.1498,0.2291
32200,TRAINING,0.0000,0.0714,0.0052,0.1524,0.2329
32300,TRAINING,0.0000,0.0714,0.0052,0.1520,0.2324
32400,TRAINING,0.0000,0.0714,0.0052,0.1517,0.2319
32500,TRAINING,0.0000,0.0714,0.0052,0.1514,0.2315
32600,TRAINING,0.0000,0.0714,0.0052,0.1512,0.2312
32700,TRAINING,0.0000,0.0714,0.0052,0.1510,0.2309
32800,TRAINING,0.0000,0.0714,0.0052,0.1509,0.2306
32900,TRAINING,0.0000,0.0714,0.0052,0.1503,0.2298
33000,TRAINING,0.0000,0.0714,0.0052,0.1498,0.2291
33100,TRAINING,0.0000,0.0714,0.0052,0.1524,0.2329
33200,TRAINING,0.0000,0.0714,0.0052,0.1520,0.2324
33300,TRAINING,0.0000,0.0714,0.0052,0.1517,0.2319
33400,TRAINING,0.0000,0.0714,0.0052,0.1514,0.2315
33500,TRAINING,0.0000,0.0714,0.0052,0.1512,0.2312
33600,TRAINING,0.0000,0.0714,0.0052,0.1510,0.2309
33700,TRAINING,0.0000,0.0714,0.0052,0.1509,0.2306
33800,TRAINING,0.0000,0.0714,0.0052,0.1503,0.2298
33900,TRAINING,0.0000,0.0714,0.0052,0.1498,0.2291
34000,TRAINING,0.0000,0.0714,0.0052,0.1524,0.2329
34100,TRAINING,0.0000,0.0714,0.0052,0.1520,0.2324
34200,TRAINING,0.0000,0.0714,0.0052,0.1517,0.2319
34300,TRAINING,0.0000,0.0714,0.0052,0.1514,0.2315
34400,TRAINING,0.0000,0.0714,0.0052,0.1512,0.2312
34500,TRAINING,0.0000,0.0714,0.0052,0.1510,0.2309
34600,TRAINING,0.0000,0.0714,0.0052,0.1509,0.2306
34700,TRAINING,0.0000,0.0714,0.0052,0.1503,0.2298
34800,TRAINING,0.0000,0.0714,0.0052,0.1498,0.2291
34900,TRAINING,0.0000,0.0714,0.0052,0.1524,0.2329
35000,TRAINING,0.0000,0.0714,0.0052,0.1520,0.2324
35100,TRAINING,0.0000,0.0714,0.0052,0.1517,0.2319
35200,TRAINING,0.0000,0.0714,0.0052,0.1514,0.2315
35300,TRAINING,0.0000,0.0714,0.0052,0.1512,0.2312
35400,TRAINING,0.0000,0.0714,0.0052,0.1510,0.2309
35500,TRAINING,0.0000,0.0714,0.0052,0.1509,0.2306
35600,TRAINING,0.0000,0.0714,0.0052,0.1503,0.2298
35700,TRAINING,0.0000,0.0714,0.0052,0.1498,0.2291
35800,TRAINING,0.0000,0.0714,0.0052,0.1524,0.2329
35900,TRAINING,0.0000,0.0714,0.0052,0.1520,0.2324
36000,TRAINING,0.0000,0.0714,0.0052,0.1517,0.2319
36100,TRAINING,0.0000,0.0714,0.0052,0.1514,0.2315
36200,TRAINING,0.0000,0.0714,0.0052,0.1512,0.2312
36300,TRAINING,0.0000,0.0714,0.0052,0.1510,0.2309
36400,TRAINING,0.0000,0.0714,0.0052,0.1509,0.2306
36500,TRAINING,0.0000,0.0714,0.0052,0.1503,0.2298
36600,TRAINING,0.0000,0.0714,0.0052,0.1498,0.2291
36700,TRAINING,0.0000,0.0714,0.0052,0.1524,0.2329
36800,TRAINING,0.0000,0.0714,0.0052,0.1520,0.2324
36900,TRAINING,0.0000,0.0714,0.0052,0.1517,0.2319
37000,TRAINING,0.0000,0.0714,0.0052,0.1514,0.2315
37100,TRAINING,0.0000,0.0714,0.0052,0.1512,0.2312
37200,TRAINING,0.0000,0.0714,0.0052,0.1510,0.2309
37300,TRAINING,0.0000,0.0714,0.0052,0.1509,0.2306
37400,TRAINING,0.0000,0.0714,0.0052,0.1503,0.2298
37500,TRAINING,0.0000,0.0714,0.0052,0.1498,0.2291
37600,TRAINING,0.0000,0.0714,0.0052,0.1524,0.2329
37700,TRAINING,0.0000,0.0714,0.0052,0.1520,0.2324
37800,TRAINING,0.0000,0.0714,0.0052,0.1517,0.2319
37900,TRAINING,0.0000,0.0714,0.0052,0.1514,0.2315
38000,TRAINING,0.0000,0.0714,0.0052,0.1512,0.2312
38100,TRAINING,0.0000,0.0714,0.0052,0.1510,0.2309
38200,TRAINING,0.0000,0.0714,0.0052,0.1509,0.2306
38300,TRAINING,0.0000,0.0714,0.0052,0.1503,0.2298
38400,TRAINING,0.0000,0.0714,0.0052,0.1498,0.2291
38500,TRAINING,0.0000,0.0714,0.0052,0.1524,0.2329
38600,TRAINING,0.0000,0.0714,0.0052,0.1520,0.2324
38700,TRAINING,0.0000,0.0714,0.0052,0.1517,0.2319
38800,TRAINING,0.0000,0.0714,0.0052,0.1514,0.2315
38900,TRAINING,0.0000,0.0714,0.0052,0.1512,0.2312
39000,TRAINING,0.0000,0.0714,0.0052,0.1510,0.2309
39100,TRAINING,0.0000,0.0714,0.0052,0.1509,0.2306
39200,TRAINING,0.0000,0.0714,0.0052,0.1503,0.2298
39300,TRAINING,0.0000,0.0714,0.0052,0.1498,0.2291
39400,TRAINING,0.0000,0.0714,0.0052,0.1524,0.2329
39500,TRAINING,0.0000,0.0714,0.0052,0.1520,0.2324
39600,TRAINING,0.0000,0.0714,0.0052,0.1517,0.2319
39700,TRAINING,0.0000,0.0714,0.0052,0.1514,0.2315
39800,TRAINING,0.0000,0.0714,0.0052,0.1512,0.2312
39900,TRAINING,0.0000,0.0714,0.0052,0.1510,0.2309
40000,TRAINING,0.0000,0.0714,0.0052,0.1509,0.2306
40100,TRAINING,0.0000,0.0714,0.0052,0.1503,0.2298
40200,TRAINING,0.0000,0.0714,0.0052,0.1498,0.2291
40300,TRAINING,0.0000,0.0714,0.0052,0.1524,0.2329
40400,TRAINING,0.0000,0.0714,0.0052,0.1520,0.2324
40500,TRAINING,0.0000,0.0714,0.0052,0.1517,0.2319
40600,TRAINING,0.0000,0.0714,0.0052,0.1514,0.2315
40700,TRAINING,0.0000,0.0714,0.0052,0.1512,0.2312
40800,TRAINING,0.0000,0.0714,0.0052,0.1510,0.2309
40900,TRAINING,0.0000,0.0714,0.0052,0.1509,0.2306
41000,TRAINING,0.0000,0.0714,0.0052,0.1503,0.2298
41100,TRAINING,0.0000,0.0714,0.0052,0.1498,0.2291
41200,TRAINING,0.0000,0.0714,0.0052,0.1524,0.2329
41300,TRAINING,0.0000,0.0714,0.0052,0.1520,0.2324
41400,TRAINING,0.0000,0.0714,0.0052,0.1517,0.2319
41500,TRAINING,0.0000,0.0714,0.0052,0.1514,0.2315
41600,TRAINING,0.0000,0.0714,0.0052,0.1512,0.2312
41700,TRAINING,0.0000,0.0714,0.0052,0.1510,0.2309
41800,TRAINING,0.0000,0.0714,0.0052,0.1509,0.2306
41900,TRAINING,0.0000,0.0714,0.0052,0.1503,0.2298
42000,TRAINING,0.0000,0.0714,0.0052,0.1498,0.2291
42100,TRAINING,0.0000,0.0714,0.0052,0.1524,0.2329
42200,TRAINING,0.0000,0.0714,0.0052,0.1520,0.2324
42300,TRAINING,0.0000,0.0714,0.0052,0.1517,0.2319
42400,TRAINING,0.0000,0.0714,0.0052,0.1514,0.2315
42500,TRAINING,0.0000,0.0714,0.0052,0.1512,0.2312
42600,TRAINING,0.0000,0.0714,0.0052,0.1510,0.2309
42700,TRAINING,0.0000,0.0714,0.0052,0.1509,0.2306
42800,TRAINING,0.0000,0.0714,0.0052,0.1503,0.2298
42900,TRAINING,0.0000,0.0714,0.0052,0.1498,0.2291
43000,TRAINING,0.0000,0.0714,0.0052,0.1524,0.2329
43100,TRAINING,0.0000,0.0714,0.0052,0.1520,0.2324
43200,TRAINING,0.0000,0.0714,0.0052,0.1517,0.2319
43300,TRAINING,0.0000,0.0714,0.0052,0.1514,0.2315
43400,TRAINING,0.0000,0.0714,0.0052,0.1512,0.2312
43500,TRAINING,0.0000,0.0714,0.0052,0.1510,0.2309
43600,TRAINING,0.0000,0.0714,0.0052,0.1509,0.2306
43700,TRAINING,0.0000,0.0714,0.0052,0.1503,0.2298
43800,TRAINING,0.0000,0.0714,0.0052,0.1498,0.2291
43900,TRAINING,0.0000,0.0714,0.0052,0.1524,0.2329
44000,TRAINING,0.0000,0.0714,0.0052,0.1520,0.2324
44100,TRAINING,0.0000,0.0714,0.0052,0.1517,0.2319
44200,TRAINING,0.0000,0.0714,0.0052,0.1514,0.2315
44300,TRAINING,0.0000,0.0714,0.0052,0.1512,0.2312
44400,TRAINING,0.0000,0.0714,0.0052,0.1510,0.2309
44500,TRAINING,0.0000,0.0714,0.0052,0.1509,0.2306
44600,TRAINING,0.0000,0.0714,0.0052,0.1503,0.2298
44700,TRAINING,0.0000,0.0714,0.0052,0.1498,0.2291
44800,TRAINING,0.0000,0.0714,0.0052,0.1524,0.2329
44900,TRAINING,0.0000,0.0714,0.0052,0.1520,0.2324
45000,TRAINING,0.0000,0.0714,0.0052,0.1517,0.2319
45100,TRAINING,0.0000,0.0714,0.0052,0.1514,0.2315
45200,TRAINING,0.0000,0.0714,0.0052,0.1512,0.2312
45300,TRAINING,0.0000,0.0714,0.0052,0.1510,0.2309
45400,TRAINING,0.0000,0.0714,0.0052,0.1509,0.2306
45500,TRAINING,0.0000,0.0714,0.0052,0.1503,0.2298
45600,TRAINING,0.0000,0.0714,0.0052,0.1498,0.2291
45700,TRAINING,0.0000,0.0714,0.0052,0.1524,0.2329
45800,TRAINING,0.0000,0.0714,0.0052,0.1520,0.2324
45900,TRAINING,0.0000,0.0714,0.0052,0.1517,0.2319
46000,TRAINING,0.0000,0.0714,0.0052,0.1514,0.2315
46100,TRAINING,0.0000,0.0714,0.0052,0.1512,0.2312
46200,TRAINING,0.0000,0.0714,0.0052,0.1510,0.2309
46300,TRAINING,0.0000,0.0714,0.0052,0.1509,0.2306
46400,TRAINING,0.0000,0.0714,0.0052,0.1503,0.2298
46500,TRAINING,0.0000,0.0714,0.0052,0.1498,0.2291
46600,TRAINING,0.0000,0.0714,0.0052,0.1524,0.2329
46700,TRAINING,0.0000,0.0714,0.0052,0.1520,0.2324
46800,TRAINING,0.0000,0.0714,0.0052,0.1517,0.2319
46900,TRAINING,0.0000,0.0714,0.0052,0.1514,0.2315
47000,TRAINING,0.0000,0.0714,0.0052,0.1512,0.2312
47100,TRAINING,0.0000,0.0714,0.0052,0.1510,0.2309
47200,TRAINING,0.0000,0.0714,0.0052,0.1509,0.2306
47300,TRAINING,0.0000,0.0714,0.0052,0.1503,0.2298
47400,TRAINING,0.0000,0.0714,0.0052,0.1498,0.2291
47500,TRAINING,0.0000,0.0714,0.0052,0.1524,0.2329
47600,TRAINING,0.0000,0.0714,0.0052,0.1520,0.2324
47700,TRAINING,0.0000,0.0714,0.0052,0.1517,0.2319
47800,TRAINING,0.0000,0.0714,0.0052,0.1514,0.2315
47900,TRAINING,0.0000,0.0714,0.0052,0.1512,0.2312
48000,TRAINING,0.0000,0.0714,0.0052,0.1510,0.2309
48100,TRAINING,0.0000,0.0714,0.0052,0.1509,0.2306
48200,TRAINING,0.0000,0.0714,0.0052,0.1503,0.2298
48300,TRAINING,0.0000,0.0714,0.0052,0.1498,0.2291
48400,TRAINING,0.0000,0.0714,0.0052,0.1524,0.2329
48500,TRAINING,0.0000,0.0714,0.0052,0.1520,0.2324
48600,TRAINING,0.0000,0.0714,0.0052,0.1517,0.2319
48700,TRAINING,0.0000,0.0714,0.0052,0.1514,0.2315
48800,TRAINING,0.0000,0.0714,0.0052,0.1512,0.2312
48900,TRAINING,0.0000,0.0714,0.0052,0.1510,0.2309
49000,TRAINING,0.0000,0.0714,0.0052,0.1509,0.2306
49100,TRAINING,0.0000,0.0714,0.0052,0.1503,0.2298
49200,TRAINING,0.0000,0.0714,0.0052,0.1498,0.2291
49300,TRAINING,0.0000,0.0714,0.0052,0.1524,0.2329
49400,TRAINING,0.0000,0.0714,0.0052,0.1520,0.2324
49500,TRAINING,0.0000,0.0714,0.0052,0.1517,0.2319
49600,TRAINING,0.0000,0.0714,0.0052,0.1514,0.2315
49700,TRAINING,0.0000,0.0714,0.0052,0.1512,0.2312
49800,TRAINING,0.0000,0.0714,0.0052,0.1510,0.2309
49900,TRAINING,0.0000,0.0714,0.0052,0.1509,0.2306
50000,TRAINING,0.0000,0.0714,0.0052,0.1503,0.2298
50100,TRAINING,0.0000,0.0714,0.0052,0.1498,0.2291
50200,TRAINING,0.0000,0.0714,0.0052,0.1524,0.2329
50300,TRAINING,0.0000,0.0714,0.0052,0.1520,0.2324
50400,TRAINING,0.0000,0.0714,0.0052,0.1517,0.2319
50500,TRAINING,0.0000,0.0714,0.0052,0.1514,0.2315
50600,TRAINING,0.0000,0.0714,0.0052,0.1512,0.2312
50700,TRAINING,0.0000,0.0714,0.0052,0.1510,0.2309
50800,TRAINING,0.0000,0.0714,0.0052,0.1509,0.2306
50900,TRAINING,0.0000,0.0714,0.0052,0.1503,0.2298
51000,TRAINING,0.0000,0.0714,0.0052,0.1498,0.2291
51100,TRAINING,0.0000,0.0714,0.0052,0.1524,0.2329
51200,TRAINING,0.0000,0.0714,0.0052,0.1520,0.2324
51300,TRAINING,0.0000,0.0714,0.0052,0.1517,0.2319
51400,TRAINING,0.0000,0.0714,0.0052,0.1514,0.2315
51500,TRAINING,0.0000,0.0714,0.0052,0.1512,0.2312
51600,TRAINING,0.0000,0.0714,0.0052,0.1510,0.2309
51700,TRAINING,0.0000,0.0714,0.0052,0.1509,0.2306
51800,TRAINING,0.0000,0.0714,0.0052,0.1503,0.2298
51900,TRAINING,0.0000,0.0714,0.0052,0.1498,0.2291
52000,TRAINING,0.0000,0.0714,0.0052,0.1524,0.2329
52100,TRAINING,0.0000,0.0714,0.0052,0.1520,0.2324
52200,TRAINING,0.0000,0.0714,0.0052,0.1517,0.2319
52300,TRAINING,0.0000,0.0714,0.0052,0.1514,0.2315
52400,TRAINING,0.0000,0.0714,0.0052,0.1512,0.2312
52500,TRAINING,0.0000,0.0714,0.0052,0.1510,0.2309
52600,TRAINING,0.0000,0.0714,0.0052,0.1509,0.2306
52700,TRAINING,0.0000,0.0714,0.0052,0.1503,0.2298
52800,TRAINING,0.0000,0.0714,0.0052,0.1498,0.2291
52900,TRAINING,0.0000,0.0714,0.0052,0.1524,0.2329
53000,TRAINING,0.0000,0.0714,0.0052,0.1520,0.2324
53100,TRAINING,0.0000,0.0714,0.0052,0.1517,0.2319
53200,TRAINING,0.0000,0.0714,0.0052,0.1514,0.2315
53300,TRAINING,0.0000,0.0714,0.0052,0.1512,0.2312
53400,TRAINING,0.0000,0.0714,0.0052,0.1510,0.2309
53500,TRAINING,0.0000,0.0714,0.0052,0.1509,0.2306
53600,TRAINING,0.0000,0.0714,0.0052,0.1503,0.2298
53700,TRAINING,0.0000,0.0714,0.0052,0.1498,0.2291
53800,TRAINING,0.0000,0.0714,0.0052,0.1524,0.2329
53900,TRAINING,0.0000,0.0714,0.0052,0.1520,0.2324
54000,TRAINING,0.0000,0.0714,0.0052,0.1517,0.2319
54100,TRAINING,0.0000,0.0714,0.0052,0.1514,0.2315
54200,TRAINING,0.0000,0.0714,0.0052,0.1512,0.2312
54300,TRAINING,0.0000,0.0714,0.0052,0.1510,0.2309
54400,TRAINING,0.0000,0.0714,0.0052,0.1509,0.2306
54500,TRAINING,0.0000,0.0714,0.0052,0.1503,0.2298
54600,TRAINING,0.0000,0.0714,0.0052,0.1498,0.2291
54700,TRAINING,0.0000,0.0714,0.0052,0.1524,0.2329
54800,TRAINING,0.0000,0.0714,0.0052,0.1520,0.2324
54900,TRAINING,0.0000,0.0714,0.0052,0.1517,0.2319
55000,TRAINING,0.0000,0.0714,0.0052,0.1514,0.2315
55100,TRAINING,0.0000,0.0714,0.0052,0.1512,0.2312
55200,TRAINING,0.0000,0.0714,0.0052,0.1510,0.2309
55300,TRAINING,0.0000,0.0714,0.0052,0.1509,0.2306
55400,TRAINING,0.0000,0.0714,0.0052,0.1503,0.2298
55500,TRAINING,0.0000,0.0714,0.0052,0.1498,0.2291
55600,TRAINING,0.0000,0.0714,0.0052,0.1524,0.2329
55700,TRAINING,0.0000,0.0714,0.0052,0.1520,0.2324
55800,TRAINING,0.0000,0.0714,0.0052,0.1517,0.2319
55900,TRAINING,0.0000,0.0714,0.0052,0.1514,0.2315
56000,TRAINING,0.0000,0.0714,0.0052,0.1512,0.2312
56100,TRAINING,0.0000,0.0714,0.0052,0.1510,0.2309
56200,TRAINING,0.0000,0.0714,0.0052,0.1509,0.2306
56300,TRAINING,0.0000,0.0714,0.0052,0.1503,0.2298
56400,TRAINING,0.0000,0.0714,0.0052,0.1498,0.2291
56500,TRAINING,0.0000,0.0714,0.0052,0.1524,0.2329
56600,TRAINING,0.0000,0.0714,0.0052,0.1520,0.2324
56700,TRAINING,0.0000,0.0714,0.0052,0.1517,0.2319
56800,TRAINING,0.0000,0.0714,0.0052,0.1514,0.2315
56900,TRAINING,0.0000,0.0714,0.0052,0.1512,0.2312
57000,TRAINING,0.0000,0.0714,0.0052,0.1510,0.2309
57100,TRAINING,0.0000,0.0714,0.0052,0.1509,0.2306
57200,TRAINING,0.0000,0.0714,0.0052,0.1503,0.2298
57300,TRAINING,0.0000,0.0714,0.0052,0.1498,0.2291
57400,TRAINING,0.0000,0.0714,0.0052,0.1524,0.2329
57500,TRAINING,0.0000,0.0714,0.0052,0.1520,0.2324
57600,TRAINING,0.0000,0.0714,0.0052,0.1517,0.2319
57700,TRAINING,0.0000,0.0714,0.0052,0.1514,0.2315
57800,TRAINING,0.0000,0.0714,0.0052,0.1512,0.2312
57900,TRAINING,0.0000,0.0714,0.0052,0.1510,0.2309
58000,TRAINING,0.0000,0.0714,0.0052,0.1509,0.2306
58100,TRAINING,0.0000,0.0714,0.0052,0.1503,0.2298
58200,TRAINING,0.0000,0.0714,0.0052,0.1498,0.2291
58300,TRAINING,0.0000,0.0714,0.0052,0.1524,0.2329
58400,TRAINING,0.0000,0.0714,0.0052,0.1520,0.2324
58500,TRAINING,0.0000,0.0714,0.0052,0.1517,0.2319
58600,TRAINING,0.0000,0.0714,0.0052,0.1514,0.2315
58700,TRAINING,0.0000,0.0714,0.0052,0.1512,0.2312
58800,TRAINING,0.0000,0.0714,0.0052,0.1510,0.2309
58900,TRAINING,0.0000,0.0714,0.0052,0.1509,0.2306
59000,TRAINING,0.0000,0.0714,0.0052,0.1503,0.2298
59100,TRAINING,0.0000,0.0714,0.0052,0.1498,0.2291
59200,TRAINING,0.0000,0.0714,0.0052,0.1524,0.2329
59300,TRAINING,0.0000,0.0714,0.0052,0.1520,0.2324
59400,TRAINING,0.0000,0.0714,0.0052,0.1517,0.2319
59500,TRAINING,0.0000,0.0714,0.0052,0.1514,0.2315
59600,TRAINING,0.0000,0.0714,0.0052,0.1512,0.2312
59700,TRAINING,0.0000,0.0714,0.0052,0.1510,0.2309
59800,TRAINING,0.0000,0.0714,0.0052,0.1509,0.2306
59900,TRAINING,0.0000,0.0714,0.0052,0.1503,0.2298
60000,WASHOUT,0.0000,0.0714,0.0052,0.1498,0.2291
60100,WASHOUT,0.0000,0.0714,0.0052,0.1524,0.2329
60200,WASHOUT,0.0000,0.0714,0.0052,0.1520,0.2324
60300,WASHOUT,0.0000,0.0714,0.0052,0.1517,0.2319
60400,WASHOUT,0.0000,0.0714,0.0052,0.1514,0.2315
60500,WASHOUT,0.0000,0.0714,0.0052,0.1512,0.2312
60600,WASHOUT,0.0000,0.0714,0.0052,0.1510,0.2309
60700,WASHOUT,0.0000,0.0714,0.0052,0.1509,0.2306
60800,WASHOUT,0.0000,0.0714,0.0052,0.1503,0.2298
60900,WASHOUT,0.0000,0.0714,0.0052,0.1498,0.2291
61000,WASHOUT,0.0000,0.0714,0.0052,0.1524,0.2329
61100,WASHOUT,0.0000,0.0714,0.0052,0.1520,0.2324
61200,WASHOUT,0.0000,0.0714,0.0052,0.1517,0.2319
61300,WASHOUT,0.0000,0.0714,0.0052,0.1514,0.2315
61400,WASHOUT,0.0000,0.0714,0.0052,0.1512,0.2312
61500,WASHOUT,0.0000,0.0714,0.0052,0.1510,0.2309
61600,WASHOUT,0.0000,0.0714,0.0052,0.1509,0.2306
61700,WASHOUT,0.0000,0.0714,0.0052,0.1503,0.2298
61800,WASHOUT,0.0000,0.0714,0.0052,0.1498,0.2291
61900,WASHOUT,0.0000,0.0714,0.0052,0.1524,0.2329
62000,WASHOUT,0.0000,0.0714,0.0052,0.1520,0.2324
62100,WASHOUT,0.0000,0.0714,0.0052,0.1517,0.2319
62200,WASHOUT,0.0000,0.0714,0.0052,0.1514,0.2315
62300,WASHOUT,0.0000,0.0714,0.0052,0.1512,0.2312
62400,WASHOUT,0.0000,0.0714,0.0052,0.1510,0.2309
62500,WASHOUT,0.0000,0.0714,0.0052,0.1509,0.2306
62600,WASHOUT,0.0000,0.0714,0.0052,0.1503,0.2298
62700,WASHOUT,0.0000,0.0714,0.0052,0.1498,0.2291
62800,WASHOUT,0.0000,0.0714,0.0052,0.1524,0.2329
62900,WASHOUT,0.0000,0.0714,0.0052,0.1520,0.2324
63000,WASHOUT,0.0000,0.0714,0.0052,0.1517,0.2319
63100,WASHOUT,0.0000,0.0714,0.0052,0.1514,0.2315
63200,WASHOUT,0.0000,0.0714,0.0052,0.1512,0.2312
63300,WASHOUT,0.0000,0.0714,0.0052,0.1510,0.2309
63400,WASHOUT,0.0000,0.0714,0.0052,0.1509,0.2306
63500,WASHOUT,0.0000,0.0714,0.0052,0.1503,0.2298
63600,WASHOUT,0.0000,0.0714,0.0052,0.1498,0.2291
63700,WASHOUT,0.0000,0.0714,0.0052,0.1524,0.2329
63800,WASHOUT,0.0000,0.0714,0.0052,0.1520,0.2324
63900,WASHOUT,0.0000,0.0714,0.0052,0.1517,0.2319
64000,WASHOUT,0.0000,0.0714,0.0052,0.1514,0.2315
64100,WASHOUT,0.0000,0.0714,0.0052,0.1512,0.2312
64200,WASHOUT,0.0000,0.0714,0.0052,0.1510,0.2309
64300,WASHOUT,0.0000,0.0714,0.0052,0.1509,0.2306
64400,WASHOUT,0.0000,0.0714,0.0052,0.1503,0.2298
64500,WASHOUT,0.0000,0.0714,0.0052,0.1498,0.2291
64600,WASHOUT,0.0000,0.0714,0.0052,0.1524,0.2329
64700,WASHOUT,0.0000,0.0714,0.0052,0.1520,0.2324
64800,WASHOUT,0.0000,0.0714,0.0052,0.1517,0.2319
64900,WASHOUT,0.0000,0.0714,0.0052,0.1514,0.2315
65000,WASHOUT,0.0000,0.0714,0.0052,0.1512,0.2312
65100,WASHOUT,0.0000,0.0714,0.0052,0.1510,0.2309
65200,WASHOUT,0.0000,0.0714,0.0052,0.1509,0.2306
65300,WASHOUT,0.0000,0.0714,0.0052,0.1503,0.2298
65400,WASHOUT,0.0000,0.0714,0.0052,0.1498,0.2291
65500,WASHOUT,0.0000,0.0714,0.0052,0.1524,0.2329
65600,WASHOUT,0.0000,0.0714,0.0052,0.1520,0.2324
65700,WASHOUT,0.0000,0.0714,0.0052,0.1517,0.2319
65800,WASHOUT,0.0000,0.0714,0.0052,0.1514,0.2315
65900,WASHOUT,0.0000,0.0714,0.0052,0.1512,0.2312
66000,WASHOUT,0.0000,0.0714,0.0052,0.1510,0.2309
66100,WASHOUT,0.0000,0.0714,0.0052,0.1509,0.2306
66200,WASHOUT,0.0000,0.0714,0.0052,0.1503,0.2298
66300,WASHOUT,0.0000,0.0714,0.0052,0.1498,0.2291
66400,WASHOUT,0.0000,0.0714,0.0052,0.1524,0.2329
66500,WASHOUT,0.0000,0.0714,0.0052,0.1520,0.2324
66600,WASHOUT,0.0000,0.0714,0.0052,0.1517,0.2319
66700,WASHOUT,0.0000,0.0714,0.0052,0.1514,0.2315
66800,WASHOUT,0.0000,0.0714,0.0052,0.1512,0.2312
66900,WASHOUT,0.0000,0.0714,0.0052,0.1510,0.2309
67000,WASHOUT,0.0000,0.0714,0.0052,0.1509,0.2306
67100,WASHOUT,0.0000,0.0714,0.0052,0.1503,0.2298
67200,WASHOUT,0.0000,0.0714,0.0052,0.1498,0.2291
67300,WASHOUT,0.0000,0.0714,0.0052,0.1524,0.2329
67400,WASHOUT,0.0000,0.0714,0.0052,0.1520,0.2324
67500,WASHOUT,0.0000,0.0714,0.0052,0.1517,0.2319
67600,WASHOUT,0.0000,0.0714,0.0052,0.1514,0.2315
67700,WASHOUT,0.0000,0.0714,0.0052,0.1512,0.2312
67800,WASHOUT,0.0000,0.0714,0.0052,0.1510,0.2309
67900,WASHOUT,0.0000,0.0714,0.0052,0.1509,0.2306
68000,WASHOUT,0.0000,0.0714,0.0052,0.1503,0.2298
68100,WASHOUT,0.0000,0.0714,0.0052,0.1498,0.2291
68200,WASHOUT,0.0000,0.0714,0.0052,0.1524,0.2329
68300,WASHOUT,0.0000,0.0714,0.0052,0.1520,0.2324
68400,WASHOUT,0.0000,0.0714,0.0052,0.1517,0.2319
68500,WASHOUT,0.0000,0.0714,0.0052,0.1514,0.2315
68600,WASHOUT,0.0000,0.0714,0.0052,0.1512,0.2312
68700,WASHOUT,0.0000,0.0714,0.0052,0.1510,0.2309
68800,WASHOUT,0.0000,0.0714,0.0052,0.1509,0.2306
68900,WASHOUT,0.0000,0.0714,0.0052,0.1503,0.2298
69000,WASHOUT,0.0000,0.0714,0.0052,0.1498,0.2291
69100,WASHOUT,0.0000,0.0714,0.0052,0.1524,0.2329
69200,WASHOUT,0.0000,0.0714,0.0052,0.1520,0.2324
69300,WASHOUT,0.0000,0.0714,0.0052,0.1517,0.2319
69400,WASHOUT,0.0000,0.0714,0.0052,0.1514,0.2315
69500,WASHOUT,0.0000,0.0714,0.0052,0.1512,0.2312
69600,WASHOUT,0.0000,0.0714,0.0052,0.1510,0.2309
69700,WASHOUT,0.0000,0.0714,0.0052,0.1509,0.2306
69800,WASHOUT,0.0000,0.0714,0.0052,0.1503,0.2298
69900,WASHOUT,0.0000,0.0714,0.0052,0.1498,0.2291
70000,WASHOUT,0.0000,0.0714,0.0052,0.1524,0.2329
70100,WASHOUT,0.0000,0.0714,0.0052,0.1520,0.2324
70200,WASHOUT,0.0000,0.0714,0.0052,0.1517,0.2319
70300,WASHOUT,0.0000,0.0714,0.0052,0.1514,0.2315
70400,WASHOUT,0.0000,0.0714,0.0052,0.1512,0.2312
70500,WASHOUT,0.0000,0.0714,0.0052,0.1510,0.2309
70600,WASHOUT,0.0000,0.0714,0.0052,0.1509,0.2306
70700,WASHOUT,0.0000,0.0714,0.0052,0.1503,0.2298
70800,WASHOUT,0.0000,0.0714,0.0052,0.1498,0.2291
70900,WASHOUT,0.0000,0.0714,0.0052,0.1524,0.2329
71000,WASHOUT,0.0000,0.0714,0.0052,0.1520,0.2324
71100,WASHOUT,0.0000,0.0714,0.0052,0.1517,0.2319
71200,WASHOUT,0.0000,0.0714,0.0052,0.1514,0.2315
71300,WASHOUT,0.0000,0.0714,0.0052,0.1512,0.2312
71400,WASHOUT,0.0000,0.0714,0.0052,0.1510,0.2309
71500,WASHOUT,0.0000,0.0714,0.0052,0.1509,0.2306
71600,WASHOUT,0.0000,0.0714,0.0052,0.1503,0.2298
71700,WASHOUT,0.0000,0.0714,0.0052,0.1498,0.2291
71800,WASHOUT,0.0000,0.0714,0.0052,0.1524,0.2329
71900,WASHOUT,0.0000,0.0714,0.0052,0.1520,0.2324
72000,WASHOUT,0.0000,0.0714,0.0052,0.1517,0.2319
72100,WASHOUT,0.0000,0.0714,0.0052,0.1514,0.2315
72200,WASHOUT,0.0000,0.0714,0.0052,0.1512,0.2312
72300,WASHOUT,0.0000,0.0714,0.0052,0.1510,0.2309
72400,WASHOUT,0.0000,0.0714,0.0052,0.1509,0.2306
72500,WASHOUT,0.0000,0.0714,0.0052,0.1503,0.2298
72600,WASHOUT,0.0000,0.0714,0.0052,0.1498,0.2291
72700,WASHOUT,0.0000,0.0714,0.0052,0.1524,0.2329
72800,WASHOUT,0.0000,0.0714,0.0052,0.1520,0.2324
72900,WASHOUT,0.0000,0.0714,0.0052,0.1517,0.2319
73000,WASHOUT,0.0000,0.0714,0.0052,0.1514,0.2315
73100,WASHOUT,0.0000,0.0714,0.0052,0.1512,0.2312
73200,WASHOUT,0.0000,0.0714,0.0052,0.1510,0.2309
73300,WASHOUT,0.0000,0.0714,0.0052,0.1509,0.2306
73400,WASHOUT,0.0000,0.0714,0.0052,0.1503,0.2298
73500,WASHOUT,0.0000,0.0714,0.0052,0.1498,0.2291
73600,WASHOUT,0.0000,0.0714,0.0052,0.1524,0.2329
73700,WASHOUT,0.0000,0.0714,0.0052,0.1520,0.2324
73800,WASHOUT,0.0000,0.0714,0.0052,0.1517,0.2319
73900,WASHOUT,0.0000,0.0714,0.0052,0.1514,0.2315
74000,WASHOUT,0.0000,0.0714,0.0052,0.1512,0.2312
74100,WASHOUT,0.0000,0.0714,0.0052,0.1510,0.2309
74200,WASHOUT,0.0000,0.0714,0.0052,0.1509,0.2306
74300,WASHOUT,0.0000,0.0714,0.0052,0.1503,0.2298
74400,WASHOUT,0.0000,0.0714,0.0052,0.1498,0.2291
74500,WASHOUT,0.0000,0.0714,0.0052,0.1524,0.2329
74600,WASHOUT,0.0000,0.0714,0.0052,0.1520,0.2324
74700,WASHOUT,0.0000,0.0714,0.0052,0.1517,0.2319
74800,WASHOUT,0.0000,0.0714,0.0052,0.1514,0.2315
74900,WASHOUT,0.0000,0.0714,0.0052,0.1512,0.2312
75000,WASHOUT,0.0000,0.0714,0.0052,0.1510,0.2309
75100,WASHOUT,0.0000,0.0714,0.0052,0.1509,0.2306
75200,WASHOUT,0.0000,0.0714,0.0052,0.1503,0.2298
75300,WASHOUT,0.0000,0.0714,0.0052,0.1498,0.2291
75400,WASHOUT,0.0000,0.0714,0.0052,0.1524,0.2329
75500,WASHOUT,0.0000,0.0714,0.0052,0.1520,0.2324
75600,WASHOUT,0.0000,0.0714,0.0052,0.1517,0.2319
75700,WASHOUT,0.0000,0.0714,0.0052,0.1514,0.2315
75800,WASHOUT,0.0000,0.0714,0.0052,0.1512,0.2312
75900,WASHOUT,0.0000,0.0714,0.0052,0.1510,0.2309
76000,WASHOUT,0.0000,0.0714,0.0052,0.1509,0.2306
76100,WASHOUT,0.0000,0.0714,0.0052,0.1503,0.2298
76200,WASHOUT,0.0000,0.0714,0.0052,0.1498,0.2291
76300,WASHOUT,0.0000,0.0714,0.0052,0.1524,0.2329
76400,WASHOUT,0.0000,0.0714,0.0052,0.1520,0.2324
76500,WASHOUT,0.0000,0.0714,0.0052,0.1517,0.2319
76600,WASHOUT,0.0000,0.0714,0.0052,0.1514,0.2315
76700,WASHOUT,0.0000,0.0714,0.0052,0.1512,0.2312
76800,WASHOUT,0.0000,0.0714,0.0052,0.1510,0.2309
76900,WASHOUT,0.0000,0.0714,0.0052,0.1509,0.2306
77000,WASHOUT,0.0000,0.0714,0.0052,0.1503,0.2298
77100,WASHOUT,0.0000,0.0714,0.0052,0.1498,0.2291
77200,WASHOUT,0.0000,0.0714,0.0052,0.1524,0.2329
77300,WASHOUT,0.0000,0.0714,0.0052,0.1520,0.2324
77400,WASHOUT,0.0000,0.0714,0.0052,0.1517,0.2319
77500,WASHOUT,0.0000,0.0714,0.0052,0.1514,0.2315
77600,WASHOUT,0.0000,0.0714,0.0052,0.1512,0.2312
77700,WASHOUT,0.0000,0.0714,0.0052,0.1510,0.2309
77800,WASHOUT,0.0000,0.0714,0.0052,0.1509,0.2306
77900,WASHOUT,0.0000,0.0714,0.0052,0.1503,0.2298
78000,WASHOUT,0.0000,0.0714,0.0052,0.1498,0.2291
78100,WASHOUT,0.0000,0.0714,0.0052,0.1524,0.2329
78200,WASHOUT,0.0000,0.0714,0.0052,0.1520,0.2324
78300,WASHOUT,0.0000,0.0714,0.0052,0.1517,0.2319
78400,WASHOUT,0.0000,0.0714,0.0052,0.1514,0.2315
78500,WASHOUT,0.0000,0.0714,0.0052,0.1512,0.2312
78600,WASHOUT,0.0000,0.0714,0.0052,0.1510,0.2309
78700,WASHOUT,0.0000,0.0714,0.0052,0.1509,0.2306
78800,WASHOUT,0.0000,0.0714,0.0052,0.1503,0.2298
78900,WASHOUT,0.0000,0.0714,0.0052,0.1498,0.2291
79000,WASHOUT,0.0000,0.0714,0.0052,0.1524,0.2329
79100,WASHOUT,0.0000,0.0714,0.0052,0.1520,0.2324
79200,WASHOUT,0.0000,0.0714,0.0052,0.1517,0.2319
79300,WASHOUT,0.0000,0.0714,0.0052,0.1514,0.2315
79400,WASHOUT,0.0000,0.0714,0.0052,0.1512,0.2312
79500,WASHOUT,0.0000,0.0714,0.0052,0.1510,0.2309
79600,WASHOUT,0.0000,0.0714,0.0052,0.1509,0.2306
79700,WASHOUT,0.0000,0.0714,0.0052,0.1503,0.2298
79800,WASHOUT,0.0000,0.0714,0.0052,0.1498,0.2291
79900,WASHOUT,0.0000,0.0714,0.0052,0.1524,0.2329
